sample_name	library_ID	filetype	filename	filename2	title	library_strategy	library_source	library_selection	library_layout	platform	instrument_model	design_description
CS1_EQ1	CS1-EQ1	fastq	CS1-EQ1_S198_L001_R1_001.fastq.gz	CS1-EQ1_S198_L001_R2_001.fastq.gz	sample_name	AMPLICON	METAGENOMIC	PCR	paired	Illumina	Illumina MiSeq	paired-end amplicon sequencing of the 16S V4 region
CS2_CN1	CS2	fastq	CS2_S120_L001_R1_001.fastq.gz	CS2_S120_L001_R2_001.fastq.gz	sample_name	AMPLICON	METAGENOMIC	PCR	paired	Illumina	Illumina MiSeq	paired-end amplicon sequencing of the 16S V4 region
CS3_CN2	CS3	fastq	CS3_S132_L001_R1_001.fastq.gz	CS3_S132_L001_R2_001.fastq.gz	sample_name	AMPLICON	METAGENOMIC	PCR	paired	Illumina	Illumina MiSeq	paired-end amplicon sequencing of the 16S V4 region
CS5_CN4	CS5-CN4	fastq	CS5-CN4_S199_L001_R1_001.fastq.gz	CS5-CN4_S199_L001_R2_001.fastq.gz	sample_name	AMPLICON	METAGENOMIC	PCR	paired	Illumina	Illumina MiSeq	paired-end amplicon sequencing of the 16S V4 region
CS6_CN5	CS6	fastq	CS6_S156_L001_R1_001.fastq.gz	CS6_S156_L001_R2_001.fastq.gz	sample_name	AMPLICON	METAGENOMIC	PCR	paired	Illumina	Illumina MiSeq	paired-end amplicon sequencing of the 16S V4 region
CS7_EQ2	CS7	fastq	CS7_S168_L001_R1_001.fastq.gz	CS7_S168_L001_R2_001.fastq.gz	sample_name	AMPLICON	METAGENOMIC	PCR	paired	Illumina	Illumina MiSeq	paired-end amplicon sequencing of the 16S V4 region
CS8_OV1	CS8-OV1	fastq	CS8-OV1_S200_L001_R1_001.fastq.gz	CS8-OV1_S200_L001_R2_001.fastq.gz	sample_name	AMPLICON	METAGENOMIC	PCR	paired	Illumina	Illumina MiSeq	paired-end amplicon sequencing of the 16S V4 region
CS9_OV2	CS9	fastq	CS9_S180_L001_R1_001.fastq.gz	CS9_S180_L001_R2_001.fastq.gz	sample_name	AMPLICON	METAGENOMIC	PCR	paired	Illumina	Illumina MiSeq	paired-end amplicon sequencing of the 16S V4 region
CS10_OV3	CS10	fastq	CS10_S192_L001_R1_001.fastq.gz	CS10_S192_L001_R2_001.fastq.gz	sample_name	AMPLICON	METAGENOMIC	PCR	paired	Illumina	Illumina MiSeq	paired-end amplicon sequencing of the 16S V4 region
CS11_OV4	CS11-OV4	fastq	CS11-OV4_S201_L001_R1_001.fastq.gz	CS11-OV4_S201_L001_R2_001.fastq.gz	sample_name	AMPLICON	METAGENOMIC	PCR	paired	Illumina	Illumina MiSeq	paired-end amplicon sequencing of the 16S V4 region
CS12_OV5	CS12-OV5	fastq	CS12-OV5_S202_L001_R1_001.fastq.gz	CS12-OV5_S202_L001_R2_001.fastq.gz	sample_name	AMPLICON	METAGENOMIC	PCR	paired	Illumina	Illumina MiSeq	paired-end amplicon sequencing of the 16S V4 region
CS13_EQ3	CS13	fastq	CS13_S227_L001_R1_001.fastq.gz	CS13_S227_L001_R2_001.fastq.gz	sample_name	AMPLICON	METAGENOMIC	PCR	paired	Illumina	Illumina MiSeq	paired-end amplicon sequencing of the 16S V4 region
CS14_CN6	CS14	fastq	CS14_S239_L001_R1_001.fastq.gz	CS14_S239_L001_R2_001.fastq.gz	sample_name	AMPLICON	METAGENOMIC	PCR	paired	Illumina	Illumina MiSeq	paired-end amplicon sequencing of the 16S V4 region
CS15_CN7	CS15	fastq	CS15_S251_L001_R1_001.fastq.gz	CS15_S251_L001_R2_001.fastq.gz	sample_name	AMPLICON	METAGENOMIC	PCR	paired	Illumina	Illumina MiSeq	paired-end amplicon sequencing of the 16S V4 region
CS16_CN8	CS16	fastq	CS16_S263_L001_R1_001.fastq.gz	CS16_S263_L001_R2_001.fastq.gz	sample_name	AMPLICON	METAGENOMIC	PCR	paired	Illumina	Illumina MiSeq	paired-end amplicon sequencing of the 16S V4 region
CS17_EQ4	CS17	fastq	CS17_S275_L001_R1_001.fastq.gz	CS17_S275_L001_R2_001.fastq.gz	sample_name	AMPLICON	METAGENOMIC	PCR	paired	Illumina	Illumina MiSeq	paired-end amplicon sequencing of the 16S V4 region
CS18_CN8	CS18	fastq	CS18_S287_L001_R1_001.fastq.gz	CS18_S287_L001_R2_001.fastq.gz	sample_name	AMPLICON	METAGENOMIC	PCR	paired	Illumina	Illumina MiSeq	paired-end amplicon sequencing of the 16S V4 region
CS19_CN9	CS19	fastq	CS19_S204_L001_R1_001.fastq.gz	CS19_S204_L001_R2_001.fastq.gz	sample_name	AMPLICON	METAGENOMIC	PCR	paired	Illumina	Illumina MiSeq	paired-end amplicon sequencing of the 16S V4 region
CS20_FL1	CS20-FL1	fastq	CS20-FL1_S203_L001_R1_001.fastq.gz	CS20-FL1_S203_L001_R2_001.fastq.gz	sample_name	AMPLICON	METAGENOMIC	PCR	paired	Illumina	Illumina MiSeq	paired-end amplicon sequencing of the 16S V4 region
CS21_CN10	CS21	fastq	CS21_S216_L001_R1_001.fastq.gz	CS21_S216_L001_R2_001.fastq.gz	sample_name	AMPLICON	METAGENOMIC	PCR	paired	Illumina	Illumina MiSeq	paired-end amplicon sequencing of the 16S V4 region
CS22_CN11	CS22	fastq	CS22_S240_L001_R1_001.fastq.gz	CS22_S240_L001_R2_001.fastq.gz	sample_name	AMPLICON	METAGENOMIC	PCR	paired	Illumina	Illumina MiSeq	paired-end amplicon sequencing of the 16S V4 region
CS23_EQ5	CS23-EQ5	fastq	CS23-EQ5_S204_L001_R1_001.fastq.gz	CS23-EQ5_S204_L001_R2_001.fastq.gz	sample_name	AMPLICON	METAGENOMIC	PCR	paired	Illumina	Illumina MiSeq	paired-end amplicon sequencing of the 16S V4 region
CS24_CN12	CS24	fastq	CS24_S228_L001_R1_001.fastq.gz	CS24_S228_L001_R2_001.fastq.gz	sample_name	AMPLICON	METAGENOMIC	PCR	paired	Illumina	Illumina MiSeq	paired-end amplicon sequencing of the 16S V4 region
CS25_AL1	CS25	fastq	CS25_S252_L001_R1_001.fastq.gz	CS25_S252_L001_R2_001.fastq.gz	sample_name	AMPLICON	METAGENOMIC	PCR	paired	Illumina	Illumina MiSeq	paired-end amplicon sequencing of the 16S V4 region
CS27_CN13	CS27	fastq	CS27_S264_L001_R1_001.fastq.gz	CS27_S264_L001_R2_001.fastq.gz	sample_name	AMPLICON	METAGENOMIC	PCR	paired	Illumina	Illumina MiSeq	paired-end amplicon sequencing of the 16S V4 region
CS28_CN14	CS28	fastq	CS28_S276_L001_R1_001.fastq.gz	CS28_S276_L001_R2_001.fastq.gz	sample_name	AMPLICON	METAGENOMIC	PCR	paired	Illumina	Illumina MiSeq	paired-end amplicon sequencing of the 16S V4 region
CS29_CN15	CS29	fastq	CS29_S288_L001_R1_001.fastq.gz	CS29_S288_L001_R2_001.fastq.gz	sample_name	AMPLICON	METAGENOMIC	PCR	paired	Illumina	Illumina MiSeq	paired-end amplicon sequencing of the 16S V4 region
CS30_CN17	CS30-CN17	fastq	CS30-CN17_S207_L001_R1_001.fastq.gz	CS30-CN17_S207_L001_R2_001.fastq.gz	sample_name	AMPLICON	METAGENOMIC	PCR	paired	Illumina	Illumina MiSeq	paired-end amplicon sequencing of the 16S V4 region
CS31_CN18	CS31-CN18	fastq	CS31-CN18_S208_L001_R1_001.fastq.gz	CS31-CN18_S208_L001_R2_001.fastq.gz	sample_name	AMPLICON	METAGENOMIC	PCR	paired	Illumina	Illumina MiSeq	paired-end amplicon sequencing of the 16S V4 region
CS32_CN19	CS32-CN19	fastq	CS32-CN19_S209_L001_R1_001.fastq.gz	CS32-CN19_S209_L001_R2_001.fastq.gz	sample_name	AMPLICON	METAGENOMIC	PCR	paired	Illumina	Illumina MiSeq	paired-end amplicon sequencing of the 16S V4 region
CS33_CN20	CS33-CN20	fastq	CS33-CN20_S210_L001_R1_001.fastq.gz	CS33-CN20_S210_L001_R2_001.fastq.gz	sample_name	AMPLICON	METAGENOMIC	PCR	paired	Illumina	Illumina MiSeq	paired-end amplicon sequencing of the 16S V4 region
CS34_CN21	CS34-CN21	fastq	CS34-CN21_S211_L001_R1_001.fastq.gz	CS34-CN21_S211_L001_R2_001.fastq.gz	sample_name	AMPLICON	METAGENOMIC	PCR	paired	Illumina	Illumina MiSeq	paired-end amplicon sequencing of the 16S V4 region
CS35_EQ6	CS35-EQ6	fastq	CS35-EQ6_S212_L001_R1_001.fastq.gz	CS35-EQ6_S212_L001_R2_001.fastq.gz	sample_name	AMPLICON	METAGENOMIC	PCR	paired	Illumina	Illumina MiSeq	paired-end amplicon sequencing of the 16S V4 region
CS36_EQ7	CS36-EQ7	fastq	CS36-EQ7_S213_L001_R1_001.fastq.gz	CS36-EQ7_S213_L001_R2_001.fastq.gz	sample_name	AMPLICON	METAGENOMIC	PCR	paired	Illumina	Illumina MiSeq	paired-end amplicon sequencing of the 16S V4 region
CS37_FL2	CS37-FL2	fastq	CS37-FL2_S214_L001_R1_001.fastq.gz	CS37-FL2_S214_L001_R2_001.fastq.gz	sample_name	AMPLICON	METAGENOMIC	PCR	paired	Illumina	Illumina MiSeq	paired-end amplicon sequencing of the 16S V4 region
CS38_CN22	CS38-CN22	fastq	CS38-CN22_S215_L001_R1_001.fastq.gz	CS38-CN22_S215_L001_R2_001.fastq.gz	sample_name	AMPLICON	METAGENOMIC	PCR	paired	Illumina	Illumina MiSeq	paired-end amplicon sequencing of the 16S V4 region
CS39_EQ8	CS39-EQ8	fastq	CS39-EQ8_S216_L001_R1_001.fastq.gz	CS39-EQ8_S216_L001_R2_001.fastq.gz	sample_name	AMPLICON	METAGENOMIC	PCR	paired	Illumina	Illumina MiSeq	paired-end amplicon sequencing of the 16S V4 region
CS40_CN23	CS40-CN23	fastq	CS40-CN23_S217_L001_R1_001.fastq.gz	CS40-CN23_S217_L001_R2_001.fastq.gz	sample_name	AMPLICON	METAGENOMIC	PCR	paired	Illumina	Illumina MiSeq	paired-end amplicon sequencing of the 16S V4 region
CS41_EQ9	CS41-EQ9	fastq	CS41-EQ9_S218_L001_R1_001.fastq.gz	CS41-EQ9_S218_L001_R2_001.fastq.gz	sample_name	AMPLICON	METAGENOMIC	PCR	paired	Illumina	Illumina MiSeq	paired-end amplicon sequencing of the 16S V4 region
CS42_EQ10	CS42-EQ10	fastq	CS42-EQ10_S219_L001_R1_001.fastq.gz	CS42-EQ10_S219_L001_R2_001.fastq.gz	sample_name	AMPLICON	METAGENOMIC	PCR	paired	Illumina	Illumina MiSeq	paired-end amplicon sequencing of the 16S V4 region
CS43_CN24	CS43-CN24	fastq	CS43-CN24_S220_L001_R1_001.fastq.gz	CS43-CN24_S220_L001_R2_001.fastq.gz	sample_name	AMPLICON	METAGENOMIC	PCR	paired	Illumina	Illumina MiSeq	paired-end amplicon sequencing of the 16S V4 region
CS44_CN25	CS44-CN25	fastq	CS44-CN25_S221_L001_R1_001.fastq.gz	CS44-CN25_S221_L001_R2_001.fastq.gz	sample_name	AMPLICON	METAGENOMIC	PCR	paired	Illumina	Illumina MiSeq	paired-end amplicon sequencing of the 16S V4 region
CS45_FL3	CS45-FL3	fastq	CS45-FL3_S222_L001_R1_001.fastq.gz	CS45-FL3_S222_L001_R2_001.fastq.gz	sample_name	AMPLICON	METAGENOMIC	PCR	paired	Illumina	Illumina MiSeq	paired-end amplicon sequencing of the 16S V4 region
CS46_AV1	CS46-AV1	fastq	CS46-AV1_S223_L001_R1_001.fastq.gz	CS46-AV1_S223_L001_R2_001.fastq.gz	sample_name	AMPLICON	METAGENOMIC	PCR	paired	Illumina	Illumina MiSeq	paired-end amplicon sequencing of the 16S V4 region
CS47_CN26	CS47-CN26	fastq	CS47-CN26_S224_L001_R1_001.fastq.gz	CS47-CN26_S224_L001_R2_001.fastq.gz	sample_name	AMPLICON	METAGENOMIC	PCR	paired	Illumina	Illumina MiSeq	paired-end amplicon sequencing of the 16S V4 region
CS48_EQ11	CS48-EQ11	fastq	CS48-EQ11_S225_L001_R1_001.fastq.gz	CS48-EQ11_S225_L001_R2_001.fastq.gz	sample_name	AMPLICON	METAGENOMIC	PCR	paired	Illumina	Illumina MiSeq	paired-end amplicon sequencing of the 16S V4 region
CS49_CN27	CS49-CN27	fastq	CS49-CN27_S226_L001_R1_001.fastq.gz	CS49-CN27_S226_L001_R2_001.fastq.gz	sample_name	AMPLICON	METAGENOMIC	PCR	paired	Illumina	Illumina MiSeq	paired-end amplicon sequencing of the 16S V4 region
CS50_FL4	CS50-FL4	fastq	CS50-FL4_S227_L001_R1_001.fastq.gz	CS50-FL4_S227_L001_R2_001.fastq.gz	sample_name	AMPLICON	METAGENOMIC	PCR	paired	Illumina	Illumina MiSeq	paired-end amplicon sequencing of the 16S V4 region
CS51_CN28	CS51-CN28	fastq	CS51-CN28_S228_L001_R1_001.fastq.gz	CS51-CN28_S228_L001_R2_001.fastq.gz	sample_name	AMPLICON	METAGENOMIC	PCR	paired	Illumina	Illumina MiSeq	paired-end amplicon sequencing of the 16S V4 region
CS52_CN29	CS52-CN29	fastq	CS52-CN29_S229_L001_R1_001.fastq.gz	CS52-CN29_S229_L001_R2_001.fastq.gz	sample_name	AMPLICON	METAGENOMIC	PCR	paired	Illumina	Illumina MiSeq	paired-end amplicon sequencing of the 16S V4 region
CS53_EQ12	CS53-EQ12	fastq	CS53-EQ12_S230_L001_R1_001.fastq.gz	CS53-EQ12_S230_L001_R2_001.fastq.gz	sample_name	AMPLICON	METAGENOMIC	PCR	paired	Illumina	Illumina MiSeq	paired-end amplicon sequencing of the 16S V4 region
CS54_CN30	CS54-CN30	fastq	CS54-CN30_S231_L001_R1_001.fastq.gz	CS54-CN30_S231_L001_R2_001.fastq.gz	sample_name	AMPLICON	METAGENOMIC	PCR	paired	Illumina	Illumina MiSeq	paired-end amplicon sequencing of the 16S V4 region
CS55_CN31	CS55-CN31	fastq	CS55-CN31_S232_L001_R1_001.fastq.gz	CS55-CN31_S232_L001_R2_001.fastq.gz	sample_name	AMPLICON	METAGENOMIC	PCR	paired	Illumina	Illumina MiSeq	paired-end amplicon sequencing of the 16S V4 region
CS56_CN32	CS56-CN32	fastq	CS56-CN32_S233_L001_R1_001.fastq.gz	CS56-CN32_S233_L001_R2_001.fastq.gz	sample_name	AMPLICON	METAGENOMIC	PCR	paired	Illumina	Illumina MiSeq	paired-end amplicon sequencing of the 16S V4 region
CS57_EQ13	CS57-EQ13	fastq	CS57-EQ13_S234_L001_R1_001.fastq.gz	CS57-EQ13_S234_L001_R2_001.fastq.gz	sample_name	AMPLICON	METAGENOMIC	PCR	paired	Illumina	Illumina MiSeq	paired-end amplicon sequencing of the 16S V4 region
CS58_CN33	CS58-CN33	fastq	CS58-CN33_S235_L001_R1_001.fastq.gz	CS58-CN33_S235_L001_R2_001.fastq.gz	sample_name	AMPLICON	METAGENOMIC	PCR	paired	Illumina	Illumina MiSeq	paired-end amplicon sequencing of the 16S V4 region
CS59_CN34	CS59-CN34	fastq	CS59-CN34_S236_L001_R1_001.fastq.gz	CS59-CN34_S236_L001_R2_001.fastq.gz	sample_name	AMPLICON	METAGENOMIC	PCR	paired	Illumina	Illumina MiSeq	paired-end amplicon sequencing of the 16S V4 region
CS60_EQ14	CS60-EQ14	fastq	CS60-EQ14_S237_L001_R1_001.fastq.gz	CS60-EQ14_S237_L001_R2_001.fastq.gz	sample_name	AMPLICON	METAGENOMIC	PCR	paired	Illumina	Illumina MiSeq	paired-end amplicon sequencing of the 16S V4 region
CS61_CN35	CS61-CN35	fastq	CS61-CN35_S238_L001_R1_001.fastq.gz	CS61-CN35_S238_L001_R2_001.fastq.gz	sample_name	AMPLICON	METAGENOMIC	PCR	paired	Illumina	Illumina MiSeq	paired-end amplicon sequencing of the 16S V4 region
CS62_FL5	CS62-FL5	fastq	CS62-FL5_S239_L001_R1_001.fastq.gz	CS62-FL5_S239_L001_R2_001.fastq.gz	sample_name	AMPLICON	METAGENOMIC	PCR	paired	Illumina	Illumina MiSeq	paired-end amplicon sequencing of the 16S V4 region
CS63_CN36	CS63-CN36	fastq	CS63-CN36_S240_L001_R1_001.fastq.gz	CS63-CN36_S240_L001_R2_001.fastq.gz	sample_name	AMPLICON	METAGENOMIC	PCR	paired	Illumina	Illumina MiSeq	paired-end amplicon sequencing of the 16S V4 region
CS64_CN37	CS64-CN37	fastq	CS64-CN37_S241_L001_R1_001.fastq.gz	CS64-CN37_S241_L001_R2_001.fastq.gz	sample_name	AMPLICON	METAGENOMIC	PCR	paired	Illumina	Illumina MiSeq	paired-end amplicon sequencing of the 16S V4 region
CS65_CN38	CS65-CN38	fastq	CS65-CN38_S242_L001_R1_001.fastq.gz	CS65-CN38_S242_L001_R2_001.fastq.gz	sample_name	AMPLICON	METAGENOMIC	PCR	paired	Illumina	Illumina MiSeq	paired-end amplicon sequencing of the 16S V4 region
CS66_EQ15	CS66-EQ15	fastq	CS66-EQ15_S244_L001_R1_001.fastq.gz	CS66-EQ15_S244_L001_R2_001.fastq.gz	sample_name	AMPLICON	METAGENOMIC	PCR	paired	Illumina	Illumina MiSeq	paired-end amplicon sequencing of the 16S V4 region
CS67_CN39	CS67-CN39	fastq	CS67-CN39_S245_L001_R1_001.fastq.gz	CS67-CN39_S245_L001_R2_001.fastq.gz	sample_name	AMPLICON	METAGENOMIC	PCR	paired	Illumina	Illumina MiSeq	paired-end amplicon sequencing of the 16S V4 region
CS68_CN40	CS68-CN40	fastq	CS68-CN40_S246_L001_R1_001.fastq.gz	CS68-CN40_S246_L001_R2_001.fastq.gz	sample_name	AMPLICON	METAGENOMIC	PCR	paired	Illumina	Illumina MiSeq	paired-end amplicon sequencing of the 16S V4 region
CS69_CN41	CS69-CN41	fastq	CS69-CN41_S247_L001_R1_001.fastq.gz	CS69-CN41_S247_L001_R2_001.fastq.gz	sample_name	AMPLICON	METAGENOMIC	PCR	paired	Illumina	Illumina MiSeq	paired-end amplicon sequencing of the 16S V4 region
CS70_CN42	CS70-CN42	fastq	CS70-CN42_S248_L001_R1_001.fastq.gz	CS70-CN42_S248_L001_R2_001.fastq.gz	sample_name	AMPLICON	METAGENOMIC	PCR	paired	Illumina	Illumina MiSeq	paired-end amplicon sequencing of the 16S V4 region
CS71_CN43	CS71-CN43	fastq	CS71-CN43_S249_L001_R1_001.fastq.gz	CS71-CN43_S249_L001_R2_001.fastq.gz	sample_name	AMPLICON	METAGENOMIC	PCR	paired	Illumina	Illumina MiSeq	paired-end amplicon sequencing of the 16S V4 region
CS72_CN44	CS72-CN44	fastq	CS72-CN44_S250_L001_R1_001.fastq.gz	CS72-CN44_S250_L001_R2_001.fastq.gz	sample_name	AMPLICON	METAGENOMIC	PCR	paired	Illumina	Illumina MiSeq	paired-end amplicon sequencing of the 16S V4 region
CS73_FL6	CS73-FL6	fastq	CS73-FL6_S251_L001_R1_001.fastq.gz	CS73-FL6_S251_L001_R2_001.fastq.gz	sample_name	AMPLICON	METAGENOMIC	PCR	paired	Illumina	Illumina MiSeq	paired-end amplicon sequencing of the 16S V4 region
CS74_CN45	CS74-CN45	fastq	CS74-CN45_S252_L001_R1_001.fastq.gz	CS74-CN45_S252_L001_R2_001.fastq.gz	sample_name	AMPLICON	METAGENOMIC	PCR	paired	Illumina	Illumina MiSeq	paired-end amplicon sequencing of the 16S V4 region
CS75_EQ16	CS75-EQ16	fastq	CS75-EQ16_S253_L001_R1_001.fastq.gz	CS75-EQ16_S253_L001_R2_001.fastq.gz	sample_name	AMPLICON	METAGENOMIC	PCR	paired	Illumina	Illumina MiSeq	paired-end amplicon sequencing of the 16S V4 region
CS76_CN46	CS76-CN46	fastq	CS76-CN46_S254_L001_R1_001.fastq.gz	CS76-CN46_S254_L001_R2_001.fastq.gz	sample_name	AMPLICON	METAGENOMIC	PCR	paired	Illumina	Illumina MiSeq	paired-end amplicon sequencing of the 16S V4 region
CS77_CN47	CS77-CN47	fastq	CS77-CN47_S255_L001_R1_001.fastq.gz	CS77-CN47_S255_L001_R2_001.fastq.gz	sample_name	AMPLICON	METAGENOMIC	PCR	paired	Illumina	Illumina MiSeq	paired-end amplicon sequencing of the 16S V4 region
CS78_CN48	CS78-CN48	fastq	CS78-CN48_S256_L001_R1_001.fastq.gz	CS78-CN48_S256_L001_R2_001.fastq.gz	sample_name	AMPLICON	METAGENOMIC	PCR	paired	Illumina	Illumina MiSeq	paired-end amplicon sequencing of the 16S V4 region
CS79_CN49	CS79-CN49	fastq	CS79-CN49_S257_L001_R1_001.fastq.gz	CS79-CN49_S257_L001_R2_001.fastq.gz	sample_name	AMPLICON	METAGENOMIC	PCR	paired	Illumina	Illumina MiSeq	paired-end amplicon sequencing of the 16S V4 region
CS80_CN50	CS80-CN50	fastq	CS80-CN50_S258_L001_R1_001.fastq.gz	CS80-CN50_S258_L001_R2_001.fastq.gz	sample_name	AMPLICON	METAGENOMIC	PCR	paired	Illumina	Illumina MiSeq	paired-end amplicon sequencing of the 16S V4 region
CS81_CN51	CS81-CN51	fastq	CS81-CN51_S259_L001_R1_001.fastq.gz	CS81-CN51_S259_L001_R2_001.fastq.gz	sample_name	AMPLICON	METAGENOMIC	PCR	paired	Illumina	Illumina MiSeq	paired-end amplicon sequencing of the 16S V4 region
CS82_CN52	CS82-CN52	fastq	CS82-CN52_S260_L001_R1_001.fastq.gz	CS82-CN52_S260_L001_R2_001.fastq.gz	sample_name	AMPLICON	METAGENOMIC	PCR	paired	Illumina	Illumina MiSeq	paired-end amplicon sequencing of the 16S V4 region
CS83_EQ17	CS83-EQ17	fastq	CS83-EQ17_S261_L001_R1_001.fastq.gz	CS83-EQ17_S261_L001_R2_001.fastq.gz	sample_name	AMPLICON	METAGENOMIC	PCR	paired	Illumina	Illumina MiSeq	paired-end amplicon sequencing of the 16S V4 region
CS84_EQ18	CS84-EQ18	fastq	CS84-EQ18_S262_L001_R1_001.fastq.gz	CS84-EQ18_S262_L001_R2_001.fastq.gz	sample_name	AMPLICON	METAGENOMIC	PCR	paired	Illumina	Illumina MiSeq	paired-end amplicon sequencing of the 16S V4 region
CS85_EQ19	CS85-EQ19	fastq	CS85-EQ19_S263_L001_R1_001.fastq.gz	CS85-EQ19_S263_L001_R2_001.fastq.gz	sample_name	AMPLICON	METAGENOMIC	PCR	paired	Illumina	Illumina MiSeq	paired-end amplicon sequencing of the 16S V4 region
CS86_EQ20	CS86-EQ20	fastq	CS86-EQ20_S264_L001_R1_001.fastq.gz	CS86-EQ20_S264_L001_R2_001.fastq.gz	sample_name	AMPLICON	METAGENOMIC	PCR	paired	Illumina	Illumina MiSeq	paired-end amplicon sequencing of the 16S V4 region
CS87_EQ21	CS87-EQ21	fastq	CS87-EQ21_S265_L001_R1_001.fastq.gz	CS87-EQ21_S265_L001_R2_001.fastq.gz	sample_name	AMPLICON	METAGENOMIC	PCR	paired	Illumina	Illumina MiSeq	paired-end amplicon sequencing of the 16S V4 region
CS88_EQ22	CS88-EQ22	fastq	CS88-EQ22_S266_L001_R1_001.fastq.gz	CS88-EQ22_S266_L001_R2_001.fastq.gz	sample_name	AMPLICON	METAGENOMIC	PCR	paired	Illumina	Illumina MiSeq	paired-end amplicon sequencing of the 16S V4 region
CS89_EQ23	CS89-EQ23	fastq	CS89-EQ23_S267_L001_R1_001.fastq.gz	CS89-EQ23_S267_L001_R2_001.fastq.gz	sample_name	AMPLICON	METAGENOMIC	PCR	paired	Illumina	Illumina MiSeq	paired-end amplicon sequencing of the 16S V4 region
CS90_EQ24	CS90-EQ24	fastq	CS90-EQ24_S268_L001_R1_001.fastq.gz	CS90-EQ24_S268_L001_R2_001.fastq.gz	sample_name	AMPLICON	METAGENOMIC	PCR	paired	Illumina	Illumina MiSeq	paired-end amplicon sequencing of the 16S V4 region
CS91_EQ25	CS91-EQ25	fastq	CS91-EQ25_S269_L001_R1_001.fastq.gz	CS91-EQ25_S269_L001_R2_001.fastq.gz	sample_name	AMPLICON	METAGENOMIC	PCR	paired	Illumina	Illumina MiSeq	paired-end amplicon sequencing of the 16S V4 region
CS92_CN53	CS92-CN53	fastq	CS92-CN53_S270_L001_R1_001.fastq.gz	CS92-CN53_S270_L001_R2_001.fastq.gz	sample_name	AMPLICON	METAGENOMIC	PCR	paired	Illumina	Illumina MiSeq	paired-end amplicon sequencing of the 16S V4 region
CS93_CN54	CS93-CN54	fastq	CS93-CN54_S271_L001_R1_001.fastq.gz	CS93-CN54_S271_L001_R2_001.fastq.gz	sample_name	AMPLICON	METAGENOMIC	PCR	paired	Illumina	Illumina MiSeq	paired-end amplicon sequencing of the 16S V4 region
CS94_EQ26	CS94-EQ26	fastq	CS94-EQ26_S272_L001_R1_001.fastq.gz	CS94-EQ26_S272_L001_R2_001.fastq.gz	sample_name	AMPLICON	METAGENOMIC	PCR	paired	Illumina	Illumina MiSeq	paired-end amplicon sequencing of the 16S V4 region
CS95_CN55	CS95-CN55	fastq	CS95-CN55_S273_L001_R1_001.fastq.gz	CS95-CN55_S273_L001_R2_001.fastq.gz	sample_name	AMPLICON	METAGENOMIC	PCR	paired	Illumina	Illumina MiSeq	paired-end amplicon sequencing of the 16S V4 region
CS96_CN56	CS96-CN56	fastq	CS96-CN56_S274_L001_R1_001.fastq.gz	CS96-CN56_S274_L001_R2_001.fastq.gz	sample_name	AMPLICON	METAGENOMIC	PCR	paired	Illumina	Illumina MiSeq	paired-end amplicon sequencing of the 16S V4 region
CS97_EQ27	CS97-EQ27	fastq	CS97-EQ27_S275_L001_R1_001.fastq.gz	CS97-EQ27_S275_L001_R2_001.fastq.gz	sample_name	AMPLICON	METAGENOMIC	PCR	paired	Illumina	Illumina MiSeq	paired-end amplicon sequencing of the 16S V4 region
CS98_CN57	CS98-CN57	fastq	CS98-CN57_S276_L001_R1_001.fastq.gz	CS98-CN57_S276_L001_R2_001.fastq.gz	sample_name	AMPLICON	METAGENOMIC	PCR	paired	Illumina	Illumina MiSeq	paired-end amplicon sequencing of the 16S V4 region
CS99_CN58	CS99-CN58	fastq	CS99-CN58_S277_L001_R1_001.fastq.gz	CS99-CN58_S277_L001_R2_001.fastq.gz	sample_name	AMPLICON	METAGENOMIC	PCR	paired	Illumina	Illumina MiSeq	paired-end amplicon sequencing of the 16S V4 region
CS100_CN59	CS100-CN59	fastq	CS100-CN59_S278_L001_R1_001.fastq.gz	CS100-CN59_S278_L001_R2_001.fastq.gz	sample_name	AMPLICON	METAGENOMIC	PCR	paired	Illumina	Illumina MiSeq	paired-end amplicon sequencing of the 16S V4 region
CS101_CN60	CS101-CN60	fastq	CS101-CN60_S279_L001_R1_001.fastq.gz	CS101-CN60_S279_L001_R2_001.fastq.gz	sample_name	AMPLICON	METAGENOMIC	PCR	paired	Illumina	Illumina MiSeq	paired-end amplicon sequencing of the 16S V4 region
CS102_FL7	CS102-FL7	fastq	CS102-FL7_S280_L001_R1_001.fastq.gz	CS102-FL7_S280_L001_R2_001.fastq.gz	sample_name	AMPLICON	METAGENOMIC	PCR	paired	Illumina	Illumina MiSeq	paired-end amplicon sequencing of the 16S V4 region
CS103_CN61	CS103-CN61	fastq	CS103-CN61_S281_L001_R1_001.fastq.gz	CS103-CN61_S281_L001_R2_001.fastq.gz	sample_name	AMPLICON	METAGENOMIC	PCR	paired	Illumina	Illumina MiSeq	paired-end amplicon sequencing of the 16S V4 region
CS104_EQ28	CS104-EQ28	fastq	CS104-EQ28_S282_L001_R1_001.fastq.gz	CS104-EQ28_S282_L001_R2_001.fastq.gz	sample_name	AMPLICON	METAGENOMIC	PCR	paired	Illumina	Illumina MiSeq	paired-end amplicon sequencing of the 16S V4 region
CS105_EQ29	CS105-EQ29	fastq	CS105-EQ29_S283_L001_R1_001.fastq.gz	CS105-EQ29_S283_L001_R2_001.fastq.gz	sample_name	AMPLICON	METAGENOMIC	PCR	paired	Illumina	Illumina MiSeq	paired-end amplicon sequencing of the 16S V4 region
CS106_CN62	CS106-CN62	fastq	CS106-CN62_S284_L001_R1_001.fastq.gz	CS106-CN62_S284_L001_R2_001.fastq.gz	sample_name	AMPLICON	METAGENOMIC	PCR	paired	Illumina	Illumina MiSeq	paired-end amplicon sequencing of the 16S V4 region
CS107_EQ30	CS107-EQ30	fastq	CS107-EQ30_S285_L001_R1_001.fastq.gz	CS107-EQ30_S285_L001_R2_001.fastq.gz	sample_name	AMPLICON	METAGENOMIC	PCR	paired	Illumina	Illumina MiSeq	paired-end amplicon sequencing of the 16S V4 region
CS108_CN63	CS108-CN63	fastq	CS108-CN63_S286_L001_R1_001.fastq.gz	CS108-CN63_S286_L001_R2_001.fastq.gz	sample_name	AMPLICON	METAGENOMIC	PCR	paired	Illumina	Illumina MiSeq	paired-end amplicon sequencing of the 16S V4 region
CS109_CN64	CS109-CN64	fastq	CS109-CN64_S287_L001_R1_001.fastq.gz	CS109-CN64_S287_L001_R2_001.fastq.gz	sample_name	AMPLICON	METAGENOMIC	PCR	paired	Illumina	Illumina MiSeq	paired-end amplicon sequencing of the 16S V4 region
CS110_CN65	CS110-CN65	fastq	CS110-CN65_S288_L001_R1_001.fastq.gz	CS110-CN65_S288_L001_R2_001.fastq.gz	sample_name	AMPLICON	METAGENOMIC	PCR	paired	Illumina	Illumina MiSeq	paired-end amplicon sequencing of the 16S V4 region
CS111_CN66	CS111-CN66	fastq	CS111-CN66_S289_L001_R1_001.fastq.gz	CS111-CN66_S289_L001_R2_001.fastq.gz	sample_name	AMPLICON	METAGENOMIC	PCR	paired	Illumina	Illumina MiSeq	paired-end amplicon sequencing of the 16S V4 region
CS113_CN67	CS113-CN67	fastq	CS113-CN67_S291_L001_R1_001.fastq.gz	CS113-CN67_S291_L001_R2_001.fastq.gz	sample_name	AMPLICON	METAGENOMIC	PCR	paired	Illumina	Illumina MiSeq	paired-end amplicon sequencing of the 16S V4 region
CS114_CN68	CS114-CN68	fastq	CS114-CN68_S292_L001_R1_001.fastq.gz	CS114-CN68_S292_L001_R2_001.fastq.gz	sample_name	AMPLICON	METAGENOMIC	PCR	paired	Illumina	Illumina MiSeq	paired-end amplicon sequencing of the 16S V4 region
CS115_EQ31	CS115-EQ31	fastq	CS115-EQ31_S293_L001_R1_001.fastq.gz	CS115-EQ31_S293_L001_R2_001.fastq.gz	sample_name	AMPLICON	METAGENOMIC	PCR	paired	Illumina	Illumina MiSeq	paired-end amplicon sequencing of the 16S V4 region
CS116_CN69	CS116-CN69	fastq	CS116-CN69_S294_L001_R1_001.fastq.gz	CS116-CN69_S294_L001_R2_001.fastq.gz	sample_name	AMPLICON	METAGENOMIC	PCR	paired	Illumina	Illumina MiSeq	paired-end amplicon sequencing of the 16S V4 region
CS117_CN70	CS117-CN70	fastq	CS117-CN70_S295_L001_R1_001.fastq.gz	CS117-CN70_S295_L001_R2_001.fastq.gz	sample_name	AMPLICON	METAGENOMIC	PCR	paired	Illumina	Illumina MiSeq	paired-end amplicon sequencing of the 16S V4 region
CS118_EQ32	CS118-EQ32	fastq	CS118-EQ32_S296_L001_R1_001.fastq.gz	CS118-EQ32_S296_L001_R2_001.fastq.gz	sample_name	AMPLICON	METAGENOMIC	PCR	paired	Illumina	Illumina MiSeq	paired-end amplicon sequencing of the 16S V4 region
CS119_CN71	CS119-CN71	fastq	CS119-CN71_S297_L001_R1_001.fastq.gz	CS119-CN71_S297_L001_R2_001.fastq.gz	sample_name	AMPLICON	METAGENOMIC	PCR	paired	Illumina	Illumina MiSeq	paired-end amplicon sequencing of the 16S V4 region
CS120_CN72	CS120-CN72	fastq	CS120-CN72_S298_L001_R1_001.fastq.gz	CS120-CN72_S298_L001_R2_001.fastq.gz	sample_name	AMPLICON	METAGENOMIC	PCR	paired	Illumina	Illumina MiSeq	paired-end amplicon sequencing of the 16S V4 region
CS121_EQ33	CS121-EQ33	fastq	CS121-EQ33_S299_L001_R1_001.fastq.gz	CS121-EQ33_S299_L001_R2_001.fastq.gz	sample_name	AMPLICON	METAGENOMIC	PCR	paired	Illumina	Illumina MiSeq	paired-end amplicon sequencing of the 16S V4 region
CS122_CN73	CS122-CN73	fastq	CS122-CN73_S300_L001_R1_001.fastq.gz	CS122-CN73_S300_L001_R2_001.fastq.gz	sample_name	AMPLICON	METAGENOMIC	PCR	paired	Illumina	Illumina MiSeq	paired-end amplicon sequencing of the 16S V4 region
CS123_CN74	CS123-CN74	fastq	CS123-CN74_S301_L001_R1_001.fastq.gz	CS123-CN74_S301_L001_R2_001.fastq.gz	sample_name	AMPLICON	METAGENOMIC	PCR	paired	Illumina	Illumina MiSeq	paired-end amplicon sequencing of the 16S V4 region
CS124_CN75	CS124-CN75	fastq	CS124-CN75_S302_L001_R1_001.fastq.gz	CS124-CN75_S302_L001_R2_001.fastq.gz	sample_name	AMPLICON	METAGENOMIC	PCR	paired	Illumina	Illumina MiSeq	paired-end amplicon sequencing of the 16S V4 region
CS125_CN76	CS125-CN76	fastq	CS125-CN76_S303_L001_R1_001.fastq.gz	CS125-CN76_S303_L001_R2_001.fastq.gz	sample_name	AMPLICON	METAGENOMIC	PCR	paired	Illumina	Illumina MiSeq	paired-end amplicon sequencing of the 16S V4 region
CS126_CN77	CS126-CN77	fastq	CS126-CN77_S304_L001_R1_001.fastq.gz	CS126-CN77_S304_L001_R2_001.fastq.gz	sample_name	AMPLICON	METAGENOMIC	PCR	paired	Illumina	Illumina MiSeq	paired-end amplicon sequencing of the 16S V4 region
CS127_CN78	CS127-CN78	fastq	CS127-CN78_S305_L001_R1_001.fastq.gz	CS127-CN78_S305_L001_R2_001.fastq.gz	sample_name	AMPLICON	METAGENOMIC	PCR	paired	Illumina	Illumina MiSeq	paired-end amplicon sequencing of the 16S V4 region
CS128_EQ34	CS128-EQ34	fastq	CS128-EQ34_S306_L001_R1_001.fastq.gz	CS128-EQ34_S306_L001_R2_001.fastq.gz	sample_name	AMPLICON	METAGENOMIC	PCR	paired	Illumina	Illumina MiSeq	paired-end amplicon sequencing of the 16S V4 region
CS129_EQ35	CS129-EQ35	fastq	CS129-EQ35_S307_L001_R1_001.fastq.gz	CS129-EQ35_S307_L001_R2_001.fastq.gz	sample_name	AMPLICON	METAGENOMIC	PCR	paired	Illumina	Illumina MiSeq	paired-end amplicon sequencing of the 16S V4 region
CS130_CN79	CS130-CN79	fastq	CS130-CN79_S308_L001_R1_001.fastq.gz	CS130-CN79_S308_L001_R2_001.fastq.gz	sample_name	AMPLICON	METAGENOMIC	PCR	paired	Illumina	Illumina MiSeq	paired-end amplicon sequencing of the 16S V4 region
CS131_CN80	CS131-CN80	fastq	CS131-CN80_S309_L001_R1_001.fastq.gz	CS131-CN80_S309_L001_R2_001.fastq.gz	sample_name	AMPLICON	METAGENOMIC	PCR	paired	Illumina	Illumina MiSeq	paired-end amplicon sequencing of the 16S V4 region
CS132_CN81	CS132-CN81	fastq	CS132-CN81_S310_L001_R1_001.fastq.gz	CS132-CN81_S310_L001_R2_001.fastq.gz	sample_name	AMPLICON	METAGENOMIC	PCR	paired	Illumina	Illumina MiSeq	paired-end amplicon sequencing of the 16S V4 region
CS133_EQ36	CS133-EQ36	fastq	CS133-EQ36_S311_L001_R1_001.fastq.gz	CS133-EQ36_S311_L001_R2_001.fastq.gz	sample_name	AMPLICON	METAGENOMIC	PCR	paired	Illumina	Illumina MiSeq	paired-end amplicon sequencing of the 16S V4 region
CS134_EQ37	CS134-EQ37	fastq	CS134-EQ37_S312_L001_R1_001.fastq.gz	CS134-EQ37_S312_L001_R2_001.fastq.gz	sample_name	AMPLICON	METAGENOMIC	PCR	paired	Illumina	Illumina MiSeq	paired-end amplicon sequencing of the 16S V4 region
CS135_EQ38	CS135-EQ38	fastq	CS135-EQ38_S325_L001_R1_001.fastq.gz	CS135-EQ38_S325_L001_R2_001.fastq.gz	sample_name	AMPLICON	METAGENOMIC	PCR	paired	Illumina	Illumina MiSeq	paired-end amplicon sequencing of the 16S V4 region
CS136_EQ39	CS136-EQ39	fastq	CS136-EQ39_S314_L001_R1_001.fastq.gz	CS136-EQ39_S314_L001_R2_001.fastq.gz	sample_name	AMPLICON	METAGENOMIC	PCR	paired	Illumina	Illumina MiSeq	paired-end amplicon sequencing of the 16S V4 region
CS137_EQ40	CS137-EQ40	fastq	CS137-EQ40_S315_L001_R1_001.fastq.gz	CS137-EQ40_S315_L001_R2_001.fastq.gz	sample_name	AMPLICON	METAGENOMIC	PCR	paired	Illumina	Illumina MiSeq	paired-end amplicon sequencing of the 16S V4 region
CS138_EQ41	CS138-EQ41	fastq	CS138-EQ41_S317_L001_R1_001.fastq.gz	CS138-EQ41_S317_L001_R2_001.fastq.gz	sample_name	AMPLICON	METAGENOMIC	PCR	paired	Illumina	Illumina MiSeq	paired-end amplicon sequencing of the 16S V4 region
CS139_EQ42	CS139-EQ42	fastq	CS139-EQ42_S318_L001_R1_001.fastq.gz	CS139-EQ42_S318_L001_R2_001.fastq.gz	sample_name	AMPLICON	METAGENOMIC	PCR	paired	Illumina	Illumina MiSeq	paired-end amplicon sequencing of the 16S V4 region
CS140_EQ43	CS140-EQ43	fastq	CS140-EQ43_S319_L001_R1_001.fastq.gz	CS140-EQ43_S319_L001_R2_001.fastq.gz	sample_name	AMPLICON	METAGENOMIC	PCR	paired	Illumina	Illumina MiSeq	paired-end amplicon sequencing of the 16S V4 region
CS141_EQ44	CS141-EQ44	fastq	CS141-EQ44_S320_L001_R1_001.fastq.gz	CS141-EQ44_S320_L001_R2_001.fastq.gz	sample_name	AMPLICON	METAGENOMIC	PCR	paired	Illumina	Illumina MiSeq	paired-end amplicon sequencing of the 16S V4 region
CS142_EQ45	CS142-EQ45	fastq	CS142-EQ45_S321_L001_R1_001.fastq.gz	CS142-EQ45_S321_L001_R2_001.fastq.gz	sample_name	AMPLICON	METAGENOMIC	PCR	paired	Illumina	Illumina MiSeq	paired-end amplicon sequencing of the 16S V4 region
CS143_CN82	CS143-CN82	fastq	CS143-CN82_S322_L001_R1_001.fastq.gz	CS143-CN82_S322_L001_R2_001.fastq.gz	sample_name	AMPLICON	METAGENOMIC	PCR	paired	Illumina	Illumina MiSeq	paired-end amplicon sequencing of the 16S V4 region
CS144_CN83	CS144-CN83	fastq	CS144-CN83_S323_L001_R1_001.fastq.gz	CS144-CN83_S323_L001_R2_001.fastq.gz	sample_name	AMPLICON	METAGENOMIC	PCR	paired	Illumina	Illumina MiSeq	paired-end amplicon sequencing of the 16S V4 region
CS145_EQ46	CS145-EQ46	fastq	CS145-EQ46_S324_L001_R1_001.fastq.gz	CS145-EQ46_S324_L001_R2_001.fastq.gz	sample_name	AMPLICON	METAGENOMIC	PCR	paired	Illumina	Illumina MiSeq	paired-end amplicon sequencing of the 16S V4 region
CS146_EQ47	CS146-EQ47	fastq	CS146-EQ47_S313_L001_R1_001.fastq.gz	CS146-EQ47_S313_L001_R2_001.fastq.gz	sample_name	AMPLICON	METAGENOMIC	PCR	paired	Illumina	Illumina MiSeq	paired-end amplicon sequencing of the 16S V4 region
CS147_EQ48	CS147-EQ48	fastq	CS147-EQ48_S326_L001_R1_001.fastq.gz	CS147-EQ48_S326_L001_R2_001.fastq.gz	sample_name	AMPLICON	METAGENOMIC	PCR	paired	Illumina	Illumina MiSeq	paired-end amplicon sequencing of the 16S V4 region
CS148_CN84	CS148-CN84	fastq	CS148-CN84_S327_L001_R1_001.fastq.gz	CS148-CN84_S327_L001_R2_001.fastq.gz	sample_name	AMPLICON	METAGENOMIC	PCR	paired	Illumina	Illumina MiSeq	paired-end amplicon sequencing of the 16S V4 region
CS149_CN85	CS149-CN85	fastq	CS149-CN85_S328_L001_R1_001.fastq.gz	CS149-CN85_S328_L001_R2_001.fastq.gz	sample_name	AMPLICON	METAGENOMIC	PCR	paired	Illumina	Illumina MiSeq	paired-end amplicon sequencing of the 16S V4 region
CS150_CN86	CS150-CN86	fastq	CS150-CN86_S329_L001_R1_001.fastq.gz	CS150-CN86_S329_L001_R2_001.fastq.gz	sample_name	AMPLICON	METAGENOMIC	PCR	paired	Illumina	Illumina MiSeq	paired-end amplicon sequencing of the 16S V4 region
CS151_CN87	CS151-CN87	fastq	CS151-CN87_S330_L001_R1_001.fastq.gz	CS151-CN87_S330_L001_R2_001.fastq.gz	sample_name	AMPLICON	METAGENOMIC	PCR	paired	Illumina	Illumina MiSeq	paired-end amplicon sequencing of the 16S V4 region
CS152_FL8	CS152-FL8	fastq	CS152-FL8_S331_L001_R1_001.fastq.gz	CS152-FL8_S331_L001_R2_001.fastq.gz	sample_name	AMPLICON	METAGENOMIC	PCR	paired	Illumina	Illumina MiSeq	paired-end amplicon sequencing of the 16S V4 region
CS153_FL9	CS153-FL9	fastq	CS153-FL9_S332_L001_R1_001.fastq.gz	CS153-FL9_S332_L001_R2_001.fastq.gz	sample_name	AMPLICON	METAGENOMIC	PCR	paired	Illumina	Illumina MiSeq	paired-end amplicon sequencing of the 16S V4 region
CS154_CN88	CS154-CN88	fastq	CS154-CN88_S333_L001_R1_001.fastq.gz	CS154-CN88_S333_L001_R2_001.fastq.gz	sample_name	AMPLICON	METAGENOMIC	PCR	paired	Illumina	Illumina MiSeq	paired-end amplicon sequencing of the 16S V4 region
CS156_EQ49	CS156-EQ49	fastq	CS156-EQ49_S335_L001_R1_001.fastq.gz	CS156-EQ49_S335_L001_R2_001.fastq.gz	sample_name	AMPLICON	METAGENOMIC	PCR	paired	Illumina	Illumina MiSeq	paired-end amplicon sequencing of the 16S V4 region
CS157_FL11	CS157-FL11	fastq	CS157-FL11_S336_L001_R1_001.fastq.gz	CS157-FL11_S336_L001_R2_001.fastq.gz	sample_name	AMPLICON	METAGENOMIC	PCR	paired	Illumina	Illumina MiSeq	paired-end amplicon sequencing of the 16S V4 region
CS158_CN89	CS158-CN89	fastq	CS158-CN89_S337_L001_R1_001.fastq.gz	CS158-CN89_S337_L001_R2_001.fastq.gz	sample_name	AMPLICON	METAGENOMIC	PCR	paired	Illumina	Illumina MiSeq	paired-end amplicon sequencing of the 16S V4 region
CS159_EQ50	CS159-EQ50	fastq	CS159-EQ50_S339_L001_R1_001.fastq.gz	CS159-EQ50_S339_L001_R2_001.fastq.gz	sample_name	AMPLICON	METAGENOMIC	PCR	paired	Illumina	Illumina MiSeq	paired-end amplicon sequencing of the 16S V4 region
CS160_EQ51	CS160-EQ51	fastq	CS160-EQ51_S340_L001_R1_001.fastq.gz	CS160-EQ51_S340_L001_R2_001.fastq.gz	sample_name	AMPLICON	METAGENOMIC	PCR	paired	Illumina	Illumina MiSeq	paired-end amplicon sequencing of the 16S V4 region
CS161_CN90	CS161-CN90	fastq	CS161-CN90_S341_L001_R1_001.fastq.gz	CS161-CN90_S341_L001_R2_001.fastq.gz	sample_name	AMPLICON	METAGENOMIC	PCR	paired	Illumina	Illumina MiSeq	paired-end amplicon sequencing of the 16S V4 region
CS162_EQ52	CS162-EQ52	fastq	CS162-EQ52_S342_L001_R1_001.fastq.gz	CS162-EQ52_S342_L001_R2_001.fastq.gz	sample_name	AMPLICON	METAGENOMIC	PCR	paired	Illumina	Illumina MiSeq	paired-end amplicon sequencing of the 16S V4 region
CS163_EQ53	CS163-EQ53	fastq	CS163-EQ53_S343_L001_R1_001.fastq.gz	CS163-EQ53_S343_L001_R2_001.fastq.gz	sample_name	AMPLICON	METAGENOMIC	PCR	paired	Illumina	Illumina MiSeq	paired-end amplicon sequencing of the 16S V4 region
CS165_CN91	CS165-CN91	fastq	CS165-CN91_S346_L001_R1_001.fastq.gz	CS165-CN91_S346_L001_R2_001.fastq.gz	sample_name	AMPLICON	METAGENOMIC	PCR	paired	Illumina	Illumina MiSeq	paired-end amplicon sequencing of the 16S V4 region
CS166_CN92	CS166-CN92	fastq	CS166-CN92_S347_L001_R1_001.fastq.gz	CS166-CN92_S347_L001_R2_001.fastq.gz	sample_name	AMPLICON	METAGENOMIC	PCR	paired	Illumina	Illumina MiSeq	paired-end amplicon sequencing of the 16S V4 region
CS167_FL13	CS167-FL13	fastq	CS167-FL13_S348_L001_R1_001.fastq.gz	CS167-FL13_S348_L001_R2_001.fastq.gz	sample_name	AMPLICON	METAGENOMIC	PCR	paired	Illumina	Illumina MiSeq	paired-end amplicon sequencing of the 16S V4 region
CS168_EQ54	CS168-EQ54	fastq	CS168-EQ54_S349_L001_R1_001.fastq.gz	CS168-EQ54_S349_L001_R2_001.fastq.gz	sample_name	AMPLICON	METAGENOMIC	PCR	paired	Illumina	Illumina MiSeq	paired-end amplicon sequencing of the 16S V4 region
CS169_CN93	CS169-CN93	fastq	CS169-CN93_S350_L001_R1_001.fastq.gz	CS169-CN93_S350_L001_R2_001.fastq.gz	sample_name	AMPLICON	METAGENOMIC	PCR	paired	Illumina	Illumina MiSeq	paired-end amplicon sequencing of the 16S V4 region
CS170_CN94	CS170-CN94	fastq	CS170-CN94_S351_L001_R1_001.fastq.gz	CS170-CN94_S351_L001_R2_001.fastq.gz	sample_name	AMPLICON	METAGENOMIC	PCR	paired	Illumina	Illumina MiSeq	paired-end amplicon sequencing of the 16S V4 region
CS171_FL14	CS171-FL14	fastq	CS171-FL14_S352_L001_R1_001.fastq.gz	CS171-FL14_S352_L001_R2_001.fastq.gz	sample_name	AMPLICON	METAGENOMIC	PCR	paired	Illumina	Illumina MiSeq	paired-end amplicon sequencing of the 16S V4 region
CS172_EQ55	CS172-EQ55	fastq	CS172-EQ55_S353_L001_R1_001.fastq.gz	CS172-EQ55_S353_L001_R2_001.fastq.gz	sample_name	AMPLICON	METAGENOMIC	PCR	paired	Illumina	Illumina MiSeq	paired-end amplicon sequencing of the 16S V4 region
CS173_FL15	CS173-FL15	fastq	CS173-FL15_S354_L001_R1_001.fastq.gz	CS173-FL15_S354_L001_R2_001.fastq.gz	sample_name	AMPLICON	METAGENOMIC	PCR	paired	Illumina	Illumina MiSeq	paired-end amplicon sequencing of the 16S V4 region
CS174_EQ56	CS174-EQ56	fastq	CS174-EQ56_S355_L001_R1_001.fastq.gz	CS174-EQ56_S355_L001_R2_001.fastq.gz	sample_name	AMPLICON	METAGENOMIC	PCR	paired	Illumina	Illumina MiSeq	paired-end amplicon sequencing of the 16S V4 region
CS175_EQ57	CS175-EQ57	fastq	CS175-EQ57_S356_L001_R1_001.fastq.gz	CS175-EQ57_S356_L001_R2_001.fastq.gz	sample_name	AMPLICON	METAGENOMIC	PCR	paired	Illumina	Illumina MiSeq	paired-end amplicon sequencing of the 16S V4 region
CS176_CN95	CS176-CN95	fastq	CS176-CN95_S357_L001_R1_001.fastq.gz	CS176-CN95_S357_L001_R2_001.fastq.gz	sample_name	AMPLICON	METAGENOMIC	PCR	paired	Illumina	Illumina MiSeq	paired-end amplicon sequencing of the 16S V4 region
CS177_CN96	CS177-CN96	fastq	CS177-CN96_S359_L001_R1_001.fastq.gz	CS177-CN96_S359_L001_R2_001.fastq.gz	sample_name	AMPLICON	METAGENOMIC	PCR	paired	Illumina	Illumina MiSeq	paired-end amplicon sequencing of the 16S V4 region
CS178_CN97	CS178-CN97	fastq	CS178-CN97_S360_L001_R1_001.fastq.gz	CS178-CN97_S360_L001_R2_001.fastq.gz	sample_name	AMPLICON	METAGENOMIC	PCR	paired	Illumina	Illumina MiSeq	paired-end amplicon sequencing of the 16S V4 region
CS179_CN98	CS179-CN98	fastq	CS179-CN98_S361_L001_R1_001.fastq.gz	CS179-CN98_S361_L001_R2_001.fastq.gz	sample_name	AMPLICON	METAGENOMIC	PCR	paired	Illumina	Illumina MiSeq	paired-end amplicon sequencing of the 16S V4 region
CS180_CN99	CS180-CN99	fastq	CS180-CN99_S362_L001_R1_001.fastq.gz	CS180-CN99_S362_L001_R2_001.fastq.gz	sample_name	AMPLICON	METAGENOMIC	PCR	paired	Illumina	Illumina MiSeq	paired-end amplicon sequencing of the 16S V4 region
CS181_CN100	CS181-CN100	fastq	CS181-CN100_S363_L001_R1_001.fastq.gz	CS181-CN100_S363_L001_R2_001.fastq.gz	sample_name	AMPLICON	METAGENOMIC	PCR	paired	Illumina	Illumina MiSeq	paired-end amplicon sequencing of the 16S V4 region
CS182_CN101	CS182-CN101	fastq	CS182-CN101_S364_L001_R1_001.fastq.gz	CS182-CN101_S364_L001_R2_001.fastq.gz	sample_name	AMPLICON	METAGENOMIC	PCR	paired	Illumina	Illumina MiSeq	paired-end amplicon sequencing of the 16S V4 region
CS183_EQ58	CS183-EQ58	fastq	CS183-EQ58_S365_L001_R1_001.fastq.gz	CS183-EQ58_S365_L001_R2_001.fastq.gz	sample_name	AMPLICON	METAGENOMIC	PCR	paired	Illumina	Illumina MiSeq	paired-end amplicon sequencing of the 16S V4 region
CS184_EQ59	CS184-EQ59	fastq	CS184-EQ59_S366_L001_R1_001.fastq.gz	CS184-EQ59_S366_L001_R2_001.fastq.gz	sample_name	AMPLICON	METAGENOMIC	PCR	paired	Illumina	Illumina MiSeq	paired-end amplicon sequencing of the 16S V4 region
CS185_CN102	CS185-CN102	fastq	CS185-CN102_S373_L001_R1_001.fastq.gz	CS185-CN102_S373_L001_R2_001.fastq.gz	sample_name	AMPLICON	METAGENOMIC	PCR	paired	Illumina	Illumina MiSeq	paired-end amplicon sequencing of the 16S V4 region
CS186_CN103	CS186-CN103	fastq	CS186-CN103_S368_L001_R1_001.fastq.gz	CS186-CN103_S368_L001_R2_001.fastq.gz	sample_name	AMPLICON	METAGENOMIC	PCR	paired	Illumina	Illumina MiSeq	paired-end amplicon sequencing of the 16S V4 region
CS187_CN104	CS187-CN104	fastq	CS187-CN104_S369_L001_R1_001.fastq.gz	CS187-CN104_S369_L001_R2_001.fastq.gz	sample_name	AMPLICON	METAGENOMIC	PCR	paired	Illumina	Illumina MiSeq	paired-end amplicon sequencing of the 16S V4 region
CS188_FL16	CS188-FL16	fastq	CS188-FL16_S370_L001_R1_001.fastq.gz	CS188-FL16_S370_L001_R2_001.fastq.gz	sample_name	AMPLICON	METAGENOMIC	PCR	paired	Illumina	Illumina MiSeq	paired-end amplicon sequencing of the 16S V4 region
CS189_FL17	CS189-FL17	fastq	CS189-FL17_S371_L001_R1_001.fastq.gz	CS189-FL17_S371_L001_R2_001.fastq.gz	sample_name	AMPLICON	METAGENOMIC	PCR	paired	Illumina	Illumina MiSeq	paired-end amplicon sequencing of the 16S V4 region
CS190_FL18	CS190-FL18	fastq	CS190-FL18_S372_L001_R1_001.fastq.gz	CS190-FL18_S372_L001_R2_001.fastq.gz	sample_name	AMPLICON	METAGENOMIC	PCR	paired	Illumina	Illumina MiSeq	paired-end amplicon sequencing of the 16S V4 region
CS191_EQ60	CS191-EQ60	fastq	CS191-EQ60_S367_L001_R1_001.fastq.gz	CS191-EQ60_S367_L001_R2_001.fastq.gz	sample_name	AMPLICON	METAGENOMIC	PCR	paired	Illumina	Illumina MiSeq	paired-end amplicon sequencing of the 16S V4 region
CS192_EQ61	CS192-EQ61	fastq	CS192-EQ61_S374_L001_R1_001.fastq.gz	CS192-EQ61_S374_L001_R2_001.fastq.gz	sample_name	AMPLICON	METAGENOMIC	PCR	paired	Illumina	Illumina MiSeq	paired-end amplicon sequencing of the 16S V4 region
CS193_CN105	CS193-CN105	fastq	CS193-CN105_S375_L001_R1_001.fastq.gz	CS193-CN105_S375_L001_R2_001.fastq.gz	sample_name	AMPLICON	METAGENOMIC	PCR	paired	Illumina	Illumina MiSeq	paired-end amplicon sequencing of the 16S V4 region
CS194_CN106	CS194-CN106	fastq	CS194-CN106_S376_L001_R1_001.fastq.gz	CS194-CN106_S376_L001_R2_001.fastq.gz	sample_name	AMPLICON	METAGENOMIC	PCR	paired	Illumina	Illumina MiSeq	paired-end amplicon sequencing of the 16S V4 region
CS195_EQ62	CS195-EQ62	fastq	CS195-EQ62_S377_L001_R1_001.fastq.gz	CS195-EQ62_S377_L001_R2_001.fastq.gz	sample_name	AMPLICON	METAGENOMIC	PCR	paired	Illumina	Illumina MiSeq	paired-end amplicon sequencing of the 16S V4 region
CS196_EQ63	CS196-EQ63	fastq	CS196-EQ63_S378_L001_R1_001.fastq.gz	CS196-EQ63_S378_L001_R2_001.fastq.gz	sample_name	AMPLICON	METAGENOMIC	PCR	paired	Illumina	Illumina MiSeq	paired-end amplicon sequencing of the 16S V4 region
CS197_EQ64	CS197-EQ64	fastq	CS197-EQ64_S379_L001_R1_001.fastq.gz	CS197-EQ64_S379_L001_R2_001.fastq.gz	sample_name	AMPLICON	METAGENOMIC	PCR	paired	Illumina	Illumina MiSeq	paired-end amplicon sequencing of the 16S V4 region
CS198_CN107	CS198-CN107	fastq	CS198-CN107_S380_L001_R1_001.fastq.gz	CS198-CN107_S380_L001_R2_001.fastq.gz	sample_name	AMPLICON	METAGENOMIC	PCR	paired	Illumina	Illumina MiSeq	paired-end amplicon sequencing of the 16S V4 region
CS201_EQ66	CS201-EQ66	fastq	CS201-EQ66_S381_L001_R1_001.fastq.gz	CS201-EQ66_S381_L001_R2_001.fastq.gz	sample_name	AMPLICON	METAGENOMIC	PCR	paired	Illumina	Illumina MiSeq	paired-end amplicon sequencing of the 16S V4 region
CS202_EQ67	CS202-EQ67	fastq	CS202-EQ67_S382_L001_R1_001.fastq.gz	CS202-EQ67_S382_L001_R2_001.fastq.gz	sample_name	AMPLICON	METAGENOMIC	PCR	paired	Illumina	Illumina MiSeq	paired-end amplicon sequencing of the 16S V4 region
CS203_EQ68	CS203-EQ68	fastq	CS203-EQ68_S383_L001_R1_001.fastq.gz	CS203-EQ68_S383_L001_R2_001.fastq.gz	sample_name	AMPLICON	METAGENOMIC	PCR	paired	Illumina	Illumina MiSeq	paired-end amplicon sequencing of the 16S V4 region
CS205_EQ69	CS205-EQ69	fastq	CS205-EQ69_S384_L001_R1_001.fastq.gz	CS205-EQ69_S384_L001_R2_001.fastq.gz	sample_name	AMPLICON	METAGENOMIC	PCR	paired	Illumina	Illumina MiSeq	paired-end amplicon sequencing of the 16S V4 region
